Date,Opponent,Venue,Result,Elo,Glicko,TrueSkill,Poisson_Att,Poisson_Def
2021-08-07,Carlisle,A,D,1299.0674328614448,1252.4630809084451,22.455631397866398,-0.15562917212034152,0.2318169104694372
2021-08-14,Northampton,H,A,1293.330039604565,1241.8713404319024,22.36464140439631,-0.16229734562701503,0.23112616044812906
2021-08-17,Mansfield,H,D,1295.897452662353,1247.1980084929617,22.268728036519235,-0.16371886972182745,0.23046985215506097
2021-08-21,Oldham,A,H,1302.5535561878646,1261.3915656055165,22.355695506219533,-0.1597224876331023,0.2284877029238333
2021-08-27,Rochdale,A,D,1303.290370346447,1266.6535560713419,22.44574632780734,-0.16062768712586262,0.22560844394867813
2021-09-10,Barrow,A,H,1310.294132274565,1282.406061480402,22.516448469819238,-0.150964225671712,0.22968081753806638
2021-09-18,Crawley Town,H,A,1302.5033500795691,1264.9943263063722,22.411676382831963,-0.15850250792198847,0.22935509751155872
2021-09-25,Swindon,A,D,1302.7625303279347,1268.6269620496623,22.50930541037624,-0.16413301495592214,0.2217196381569371
2021-10-02,Salford,H,A,1296.0241547630656,1253.5424929350218,22.404612843772412,-0.1701614135501637,0.22609736810228898
2021-10-08,Tranmere,A,A,1287.5550900601995,1240.5062557703302,22.296284679525147,-0.17518399002080212,0.22972369524579642
2021-10-16,Harrogate,H,H,1298.8921241008422,1261.3806011424008,22.397316490590182,-0.1776617125410893,0.22449220658836977
2021-10-19,Bristol Rvs,H,D,1300.5815568008961,1262.3344672048859,22.306551227008196,-0.17905969858253962,0.22399920278865335
2021-10-23,Port Vale,A,A,1291.5319143875101,1249.351664939524,22.190833755948155,-0.1843037902022871,0.23251844054538398
2021-10-26,Sutton,H,A,1283.7590459990647,1234.7153641423808,22.088745873722676,-0.18662735820056991,0.24188843374697547
2021-10-30,Scunthorpe,H,H,1292.8746578718249,1248.7886710691942,22.189096372756726,-0.18366754545086306,0.24139719298745987
2021-11-20,Stevenage,A,A,1282.146922078569,1230.8812565741637,22.05818693986146,-0.18892489506425367,0.24064814122346534
2021-11-23,Exeter,H,H,1295.2848364673464,1254.4128148271575,22.18921054827775,-0.1799906964673843,0.23930431596790855
2021-11-26,Newport County,H,D,1297.9764145390852,1258.1539621970112,22.098395212683325,-0.1812252978560345,0.23911225094921196
2021-12-08,Bradford,A,D,1297.0320687290766,1258.3369399506448,22.18828481300379,-0.18611103645042887,0.2324201650132596
2021-12-11,Walsall,A,A,1286.829482194098,1242.001300661981,22.07658138800083,-0.19113952400024306,0.24104193701091575
2022-01-01,Crawley Town,A,A,1277.033400796518,1226.1747057950556,21.95462052561558,-0.1920853413393714,0.24949264559462653
2022-01-11,Forest Green,A,A,1270.3486485272872,1217.438706367439,21.857128542929033,-0.19721294449691076,0.2522133663427509
2022-01-15,Barrow,H,A,1262.1071579022134,1200.5892231871399,21.74502553043846,-0.2035349599640088,0.25733367301717974
2022-01-18,Sutton,A,A,1253.2878691232838,1188.8462671193079,21.63155287151647,-0.1994192434457097,0.2651320820344623
2022-01-22,Salford,A,H,1263.4545534275421,1210.3598895895307,21.72075838065322,-0.18909116314243185,0.2579740897357072
2022-01-29,Swindon,H,D,1267.3527246025797,1217.1497168879023,21.638327546453553,-0.19084270073718432,0.2563331832415495
2022-02-01,Rochdale,H,D,1270.4792211529987,1221.3531889631965,21.550512469505634,-0.19276804080266496,0.2549036656593972
2022-02-05,Leyton Orient,A,H,1278.9275829216529,1238.9633016314806,21.639350361253246,-0.19321932154585766,0.24780394746757944
2022-02-08,Mansfield,A,A,1271.0044753767313,1228.2660215104945,21.53712401452119,-0.19329636815810552,0.25076777015219465
2022-02-12,Carlisle,H,D,1272.2386065729477,1228.0161818526226,21.44080116107023,-0.19013278282380822,0.25539491759131067
2022-02-19,Northampton,A,A,1265.0323141824692,1218.3502215854132,21.350393231999153,-0.19514146934189625,0.26340529644014565
2022-02-22,Hartlepool,H,A,1257.8780530570966,1205.8129123305544,21.25342245473322,-0.1972233608738924,0.26836433470345245
2022-02-26,Oldham,H,D,1259.174306364289,1207.0229939247633,21.166350030109005,-0.1994830557746349,0.26759787313435907
2022-03-01,Leyton Orient,H,D,1260.5481457551703,1207.2104819715537,21.075973521151596,-0.196125332763272,0.2718999793337109
2022-03-05,Port Vale,H,H,1273.0576772303466,1228.4546135818239,21.1992121562419,-0.197273394059763,0.26627102361756316
2022-03-12,Scunthorpe,A,H,1278.959617656986,1239.444655443312,21.277251180995968,-0.18806988867579708,0.2647825383723879
2022-03-15,Bristol Rvs,A,A,1271.044161417456,1228.9416543300645,21.18737942544974,-0.19310182182952737,0.262586775120251
2022-03-21,Forest Green,H,A,1266.341758540189,1219.8545473789502,21.123311003921437,-0.19922087941801397,0.26150873573773675
2022-03-26,Tranmere,H,H,1279.2767017836156,1241.2582948858621,21.258123557939886,-0.2000985549915453,0.255991909913758
2022-04-02,Harrogate,A,H,1286.6508234846876,1255.2198354915474,21.337663353431445,-0.1963073359084785,0.25442963167035376
2022-04-09,Stevenage,H,A,1277.7007134372077,1236.9837228100914,21.24391583024181,-0.20280284044239003,0.2597275139194803
2022-04-15,Exeter,A,A,1271.2128183160878,1228.736840419326,21.165156088764252,-0.20750521190042404,0.26196422684398046
2022-04-18,Bradford,H,H,1281.9517243618411,1245.2601502779144,21.274045748728998,-0.19834409503266748,0.25658602847430845
2022-04-22,Newport County,A,H,1291.630331197039,1263.63560680221,21.37164782625121,-0.19338036826151067,0.2549776125442905
2022-04-30,Walsall,H,D,1292.8857989496985,1263.7867554967493,21.29169179045376,-0.18954904119347313,0.25977500211125204
2022-05-07,Hartlepool,A,H,1299.863205760458,1277.029872409086,21.36763554929449,-0.18547825974214122,0.25370686942260273
2022-07-30,Northampton,A,A,1292.4786177552166,1263.617896479589,21.273386838615135,-0.180383538706651,0.26157101329016363
2022-08-06,Carlisle,H,D,1293.979268788589,1264.406042020589,21.181920156623104,-0.18225441357525876,0.26121050948467883
2022-08-13,Stockport,A,A,1282.826054426214,1239.7603771804008,21.043477691224872,-0.18912767988583856,0.2592963086673691
2022-08-16,Bradford,H,H,1293.7522107074992,1259.663277093573,21.161577779705553,-0.19008577948916666,0.25384267925324944
2022-08-20,Leyton Orient,H,A,1286.7700335617003,1245.3837766871864,21.07768380519394,-0.19152062456525903,0.26309647294214944
2022-08-27,Tranmere,A,A,1278.1524619812942,1230.5319689102016,20.98735159207377,-0.1963118411719818,0.26639815777184883
2022-09-03,Hartlepool,H,D,1278.3224219048416,1228.4837917277173,20.880574333908797,-0.19870531203634448,0.26647982186526215
2022-09-13,Walsall,A,D,1276.9657078982382,1228.1584204415813,20.981807409537648,-0.19877241644630458,0.2650323350758784
2022-09-17,Grimsby,H,A,1269.4940115051554,1215.188808975318,20.880492662595568,-0.20568310341301652,0.26531946872881157
2022-09-24,Rochdale,H,A,1261.6182232844214,1197.7237853607041,20.787299162560302,-0.21262189361995246,0.26432350591095055
2022-10-01,AFC Wimbledon,A,A,1252.6441215909697,1183.8349798730749,20.680614829626194,-0.21288948652334902,0.267558366280392
2022-10-08,Harrogate,H,H,1262.3780368459659,1199.6432001891567,20.783818708569314,-0.21041336719179776,0.2672933976008879
2022-10-15,Swindon,A,A,1255.1878847093133,1190.036072958204,20.696263546684154,-0.21563907005073335,0.26411099270187716
2022-10-22,Newport County,A,A,1245.8494229612434,1174.953561878308,20.595730454782885,-0.22068785109770891,0.2626019568342421
2022-10-25,Crawley Town,H,D,1247.9294885041063,1177.716464313098,20.513421396233557,-0.21793674135407323,0.2671480880580399
2022-10-29,Stevenage,H,D,1251.5556059674466,1185.2906197137409,20.439422734891814,-0.21905658561284322,0.2671595590532814
2022-11-01,Barrow,A,A,1242.2401807751464,1173.36371863465,20.328435894798858,-0.21904678351857357,0.2761044048534242
2022-11-12,Crewe,A,A,1233.794401767301,1161.344929852049,20.23288179845077,-0.22464292173875178,0.2740327428530937
2022-11-19,Doncaster,H,H,1247.078629676128,1185.0459016389889,20.375860224651728,-0.21568779123660356,0.2677007474036245
2022-12-03,Mansfield,A,A,1239.8545264235959,1174.5933522994615,20.288822833141275,-0.21569399693820818,0.2702634429841319
2022-12-10,Sutton,A,A,1231.5712358542423,1162.6578122067142,20.192736000915698,-0.22127775845597866,0.2681887703716928
2022-12-26,Gillingham,A,H,1241.2916039753695,1181.753919733967,20.304674898605157,-0.22110889949049575,0.261476781417481
2022-12-29,AFC Wimbledon,H,A,1236.0926913451815,1172.0272789461146,20.22897434782095,-0.22233947570514884,0.2659556649570522
2023-01-01,Swindon,H,H,1249.7378142275734,1196.4849313588759,20.369638542866355,-0.22358016872421807,0.2593373681162769
2023-01-07,Harrogate,A,H,1257.290290671839,1212.3165297004225,20.453650351448523,-0.21482662696365462,0.25767214196015614
2023-01-14,Rochdale,A,H,1264.9543375498943,1226.8167809218683,20.542727398420006,-0.21046089967700513,0.25557167495609884
2023-01-21,Gillingham,H,A,1257.831232010282,1210.7078317579342,20.46959883960069,-0.2164163084953959,0.2602005931288473
2023-01-24,Salford,H,D,1261.8128083021468,1216.8916519915183,20.395681732641574,-0.21692690233674541,0.2592477558680731
2023-01-28,Hartlepool,A,H,1268.584323748901,1230.2885708383426,20.471506395006042,-0.21306231572380369,0.2582877875318709
2023-02-04,Barrow,H,D,1270.0765370422043,1231.5309757610764,20.3823613616203,-0.2143948694404174,0.2583981470245741
2023-02-11,Grimsby,A,H,1277.9825558001994,1247.5965300438581,20.463739956564304,-0.2150574887506891,0.2525975918714564
2023-02-14,Walsall,H,D,1280.3882446990458,1250.852843654071,20.394776042631957,-0.22093120397864943,0.2474271372231003
2023-02-18,Carlisle,A,A,1271.8032020741623,1238.2675928838014,20.303405947480396,-0.22617288915312397,0.24564117588378626
2023-02-25,Northampton,H,A,1266.8948556119913,1228.1086825221985,20.243597544770658,-0.23182071619405084,0.2447772663838582
2023-03-04,Bradford,A,A,1259.0734770097254,1217.7129645095044,20.153739143561857,-0.23635020711266513,0.2481978937155717
2023-03-11,Stockport,H,A,1253.444309623727,1208.4872045447885,20.077973889350496,-0.24344106464221527,0.24751885090861303
2023-03-18,Leyton Orient,A,D,1255.8813090639994,1215.6006806975092,20.1945979342935,-0.23808019750741238,0.2505217723446901
2023-03-25,Tranmere,H,D,1258.9538041421074,1218.6712763944997,20.12957533137552,-0.2386192950833148,0.250316426635577
2023-04-01,Newport County,H,D,1261.7359769609834,1222.0275437794926,20.059507669093367,-0.2445531050576101,0.24510290224147763
2023-04-07,Stevenage,A,D,1262.8078123308592,1226.4095122614667,20.174136627012683,-0.24432833933528503,0.2440071439432186
2023-04-10,Crewe,H,H,1274.2426824513589,1244.1306006736202,20.297104890853966,-0.2308884853415045,0.23853429413589364
2023-04-15,Salford,A,H,1284.4161533163742,1263.093375422011,20.40214420343655,-0.2304845011829008,0.23110196454228935
2023-04-18,Crawley Town,A,D,1282.6233607709114,1261.0002363381566,20.489810388287076,-0.23650362406279388,0.22475038560308563
2023-04-22,Sutton,H,H,1293.990240741183,1277.5999732372181,20.61098088432012,-0.22297474491866662,0.22433145304797883
2023-04-29,Doncaster,A,A,1283.1747547346658,1259.0151066487779,20.522813657474014,-0.22818422849490985,0.22247548620491442
2023-05-08,Mansfield,H,A,1277.7638103611625,1248.0587687063482,20.457586887803444,-0.23419365734450026,0.2264441606446388
2023-08-12,Bradford,A,A,1270.0865629783361,1233.392731760291,20.358919018458867,-0.23368836882062072,0.22990358063577157
2023-08-15,AFC Wimbledon,H,A,1262.1044255195582,1213.2384037093507,20.270119448901685,-0.23999962875213732,0.2347745106369616
2023-08-19,Milton Keynes Dons,H,A,1258.136581307423,1204.9382311591305,20.211949936581966,-0.23539832077662282,0.24327653652099446
2023-08-26,Gillingham,A,H,1268.8257536808908,1230.725831838478,20.33580122219125,-0.22494717195631267,0.23680431739238128
2023-09-02,Walsall,A,A,1258.7793721308635,1212.923047791078,20.23505959745716,-0.2299061110078668,0.23573962902490075
2023-09-09,Tranmere,H,H,1269.6856250062788,1230.4474357856184,20.369096050463646,-0.22558781769808167,0.23064077952690407
2023-09-16,Mansfield,H,D,1274.0362448856495,1238.2830647373444,20.304539624216208,-0.22653691445350863,0.22941851918993864
2023-09-23,Crewe,A,A,1265.280831212779,1224.4583796379973,20.211215722527943,-0.2271624877039056,0.23248562189018473
2023-09-30,Notts County,H,H,1277.126489665548,1249.1343263581348,20.346368252996545,-0.20936780414115902,0.2467823298644445
2023-10-03,Newport County,A,A,1267.590354122195,1232.259782415163,20.247513354374043,-0.20966418035599707,0.250123682354564
2023-10-07,Morecambe,H,A,1262.3600104570776,1222.2911562756371,20.166000891065853,-0.21204592108857429,0.25960786910096034
2023-10-14,Forest Green,A,A,1251.4930115264715,1202.7795478491264,20.070130593566784,-0.21774764102309288,0.2781702133733556
2023-10-21,Harrogate,H,A,1244.6807185345992,1189.7840707732278,19.982525549597153,-0.22021055513017973,0.28265650156902666
2023-10-24,Grimsby,A,H,1253.3550752090302,1208.2449861618065,20.072324418894862,-0.2108329233411014,0.2866785290937923
2023-10-28,Accrington,A,H,1264.4946486052277,1231.1812825955335,20.194305946034206,-0.21149058083251088,0.2789314225975185
2023-11-07,Swindon,H,H,1276.390064343594,1250.3046243968176,20.33230027873799,-0.20309998418999625,0.276877743094514
2023-11-11,Sutton,H,D,1276.9483739597588,1247.2991695792361,20.248442676039627,-0.20546346808195182,0.2761419354896465
2023-11-18,Stockport,A,A,1270.7511371651829,1239.8677610304082,20.16851340650711,-0.21103273715077292,0.2783674362632735
2023-11-25,Barrow,H,A,1264.514702619792,1228.5511050437758,20.08752581303509,-0.21200130407744,0.29348327576391414
2023-11-28,Doncaster,A,A,1254.2078912836987,1211.5698418798727,19.994670883078506,-0.21244213150247282,0.301216101689857
2023-12-09,Crawley Town,H,A,1247.2846952162706,1198.1580728151926,19.916262124019006,-0.2149936278159638,0.30550158198080946
2023-12-16,Wrexham,A,A,1239.6428162537695,1190.727343516252,19.84835285956367,-0.21557153334885962,0.30802515452248047
2023-12-22,Salford,H,H,1251.966845535827,1210.8151351882884,19.97823290244483,-0.21155314936516748,0.306471242457416
2023-12-26,Milton Keynes Dons,A,A,1245.611467131608,1201.4432467263098,19.907061801294713,-0.21617661944652486,0.3028872763341299
2023-12-29,AFC Wimbledon,A,A,1236.7649065816813,1188.4600203583516,19.814423271786673,-0.20634606432799021,0.3208783727238513
2024-01-01,Gillingham,H,A,1231.1661613970648,1177.1975890393078,19.751612135185,-0.21228562706960477,0.32040085075849684
2024-01-06,Swindon,A,D,1231.5098191875222,1179.5813349008092,19.864887640570547,-0.20800845591648587,0.3215696777497902
2024-01-13,Bradford,H,D,1235.3262561012361,1185.170558281341,19.793982987991416,-0.20881554639119404,0.3206536767129628
2024-01-27,Morecambe,A,H,1246.173826259863,1206.953812436136,19.893377516271944,-0.21008305744792607,0.31313734701529056
2024-02-03,Forest Green,H,D,1246.703519753457,1204.5066868507251,19.816916398369354,-0.20221825823177325,0.32266495157917635
2024-02-10,Harrogate,A,A,1238.566626868674,1193.9121368919457,19.720760577968267,-0.20833519183744553,0.32046969736264663
2024-02-17,Accrington,H,D,1242.5664468717325,1199.5294256314373,19.661231595777934,-0.21021544748597218,0.31896310717849985
2024-02-24,Sutton,A,D,1240.966892060612,1197.72936693631,19.75435141873019,-0.21127479734547014,0.31694629873787417
2024-02-27,Salford,A,D,1241.6078466590998,1200.7662986286084,19.86044442159605,-0.21154499242674038,0.313765652662023
2024-03-09,Barrow,A,A,1233.868055931215,1190.2041692859593,19.767980819832655,-0.21654153383267835,0.31727755288552195
2024-03-16,Walsall,H,D,1237.63549191797,1196.5698937243762,19.700348141722476,-0.21771249530627562,0.31663376693656625
2024-03-23,Mansfield,A,D,1240.8976566471504,1204.4408671422138,19.826615027441644,-0.21745321730227435,0.312610597952642
2024-03-29,Newport County,H,H,1253.4783819710567,1225.6638204762633,19.95230559813274,-0.21386601278517378,0.3116975343489447
2024-04-01,Tranmere,A,D,1253.2821355378505,1227.0528227578598,20.05751230873886,-0.21376929115954527,0.30970525077305056
2024-04-06,Wrexham,H,A,1248.1063500188068,1217.91750766619,20.00545433188148,-0.21525976517219592,0.31350383303474527
2024-04-09,Stockport,H,A,1244.4726954884482,1211.1730860645466,19.95291063763051,-0.21672140983345847,0.31656794543566635
2024-04-13,Crawley Town,A,H,1254.2882602232426,1231.3398174778958,20.051661060283546,-0.20765778220945294,0.31922360182241394
2024-04-16,Grimsby,H,H,1265.2692985195604,1248.3882301270382,20.1633980302979,-0.20485909164602362,0.31403743281586843
2024-04-20,Notts County,A,A,1255.3657409516736,1232.7245496428748,20.069670118235532,-0.21145871781663012,0.3107006080665467
2024-04-23,Doncaster,H,A,1250.145250692996,1223.5291977287402,20.00856951311325,-0.21310855149954247,0.3243338630841287
2024-04-27,Crewe,H,D,1253.5061453344433,1227.3437737960367,19.945647543658698,-0.21507957773043632,0.32317672087212945
2024-08-10,AFC Wimbledon,A,A,1245.2888543260801,1210.7384685605148,19.84618924629619,-0.2101958181870428,0.3360279302647293
2024-08-17,Milton Keynes Dons,H,H,1259.0731912231086,1237.3592313175732,20.007740416219804,-0.20621992872367328,0.3285117982030951
2024-08-24,Harrogate,H,A,1252.5865256353563,1221.6546768243675,19.928155900987473,-0.213970315281994,0.32752443295165756
2024-08-31,Accrington,A,D,1252.0647074574306,1221.044463614084,20.0396965644125,-0.21499754432971738,0.32460315045484284
2024-09-07,Bromley,H,D,1256.4284401452985,1228.0251608670599,19.975053702013263,-0.21591363800386912,0.32266490012788757
2024-09-14,Morecambe,A,D,1255.4854560450483,1225.5315722951425,20.072313127598356,-0.207288975114655,0.33037435024821266
2024-09-21,Tranmere,H,H,1267.0688685591654,1246.3145681613355,20.206592631209336,-0.1984204881753462,0.3245862774949703
2024-09-28,Walsall,A,A,1258.7153282003987,1233.0150030792777,20.113138305376136,-0.2036854316648942,0.3374775287288111
2024-10-01,Port Vale,A,D,1259.5298152245618,1237.0321240700855,20.22617211248326,-0.20403120189122492,0.3352709347534568
2024-10-05,Carlisle,H,D,1260.8891776271594,1236.4730249918098,20.13762356752665,-0.21101061694444542,0.32945515289546057
2024-10-19,Cheltenham,H,A,1254.8155242523185,1221.8812907828385,20.064338886069294,-0.21243696180151325,0.3334420137479708
2024-10-22,Chesterfield,A,D,1254.314729983023,1225.7768241116567,20.160595472992313,-0.21298796688949176,0.3306628473211069
2024-10-26,Salford,H,A,1247.9001457742936,1212.0459188181978,20.084366915551474,-0.21446719245878193,0.3341942185776035
2024-11-09,Barrow,A,D,1248.5613537423542,1215.1036085222286,20.187228921632418,-0.21437320658054015,0.3326750180543176
2024-11-16,Bradford,H,D,1252.4700248254476,1220.6534525006323,20.11437388023392,-0.21514137618358486,0.3315966164438228
2024-11-23,Grimsby,A,H,1261.4264936721272,1239.8939054925984,20.213913481466065,-0.21602209957009183,0.32516835195694066
2024-11-30,Fleetwood Town,A,D,1263.2758405394216,1245.2623646429179,20.33008285384601,-0.22074908391726047,0.317195434032452
2024-12-03,Swindon,H,H,1273.0711670390187,1258.8505707264542,20.452802401168537,-0.2080007856302794,0.31026423852540164
2024-12-14,Newport County,H,D,1274.3869163327456,1258.273132111751,20.366971302290054,-0.2148639967151466,0.3045634174714942
2024-12-20,Crewe,A,D,1275.676498339066,1262.7996345776598,20.48548333238495,-0.22027310184518983,0.29723471939886104
2024-12-26,Gillingham,H,H,1287.3154298973366,1280.8795508010414,20.611609905331473,-0.2159987320399088,0.2919391743725376
2024-12-29,Doncaster,H,D,1290.6151271544077,1284.878192207301,20.54317896784642,-0.21753347597334433,0.29058184231719597
2025-01-01,Swindon,A,A,1279.4407620869001,1265.6551809332757,20.444058263398407,-0.21349029033342792,0.2973487576328616
2025-01-04,Accrington,H,A,1271.578740245744,1248.7827439112239,20.362826493179515,-0.22094685521246094,0.30110070325448135
2025-01-18,Bromley,A,H,1282.0521015298496,1268.6143732118007,20.477104209795055,-0.2207990603000892,0.2928465023383217
2025-01-21,Harrogate,A,D,1280.6786676711315,1266.8577809291705,20.573548967183726,-0.22692903528525313,0.28612213295377104
2025-01-25,Morecambe,H,H,1290.2245382944168,1279.596649537217,20.678223706981687,-0.22976271938037143,0.2804695015984459
2025-02-01,Tranmere,A,H,1296.9923114903438,1291.1256881824481,20.76669858263724,-0.21996898251068622,0.2790661758337028
2025-02-08,Walsall,H,H,1309.8853274562164,1312.3678838195674,20.89824533436011,-0.21625257963826378,0.27806232526035757
2025-02-15,Carlisle,A,D,1306.3738423234765,1305.7422029298275,20.975743719103207,-0.2219163434333629,0.27175345489176367
2025-02-18,Notts County,A,D,1306.258255752576,1307.5412290998306,21.077952581391177,-0.22282287680591611,0.26873148009114345
2025-02-22,AFC Wimbledon,H,D,1309.347494119061,1311.4030915120093,21.004371853198,-0.2235006468330207,0.2680965070796115
2025-03-01,Milton Keynes Dons,A,H,1317.533802936377,1324.1587714624306,21.10760507575442,-0.22354054218720912,0.259782492983373
2025-03-04,Chesterfield,H,H,1326.8139019473003,1337.1944246645662,21.206957799123096,-0.22530343163743644,0.2538347578385353
2025-03-08,Cheltenham,A,H,1335.2210292497948,1351.689220028517,21.303621813234003,-0.22551729390198078,0.24694635003791232
2025-03-11,Port Vale,H,H,1346.4773108690374,1367.957047543971,21.426226812622616,-0.22161898811033795,0.24662312535071662
2025-03-15,Fleetwood Town,H,H,1357.0094407608583,1381.6918691931405,21.538058830385157,-0.21243629068513262,0.24064585202887395
2025-03-22,Bradford,A,A,1347.8689149092725,1366.6503233860535,21.44701062860203,-0.21195482448109443,0.25391004366001896
2025-03-28,Grimsby,H,A,1339.5817751162353,1349.873511481984,21.3583446605128,-0.21409033349312648,0.25887163209456066
2025-04-01,Gillingham,A,D,1336.9462388913885,1345.1179247424993,21.446662282740345,-0.21384110280271887,0.2579581110526411
2025-04-05,Notts County,H,H,1347.647372160248,1360.4433731680356,21.561555925069282,-0.21597883664756515,0.25150601553157254
2025-04-12,Newport County,A,H,1353.1781977236833,1369.0804371131348,21.637513052985824,-0.2117931836976182,0.24490651196484342
2025-04-18,Crewe,H,D,1353.989682777373,1366.5234037157143,21.563788640595345,-0.2183574483973817,0.23939023980918528
2025-04-21,Doncaster,A,A,1344.7759504425883,1352.2497669135164,21.475137206642454,-0.22356665252949853,0.24682334572055864
2025-04-26,Salford,A,A,1334.2161394102188,1335.5021002980782,21.375209576872475,-0.22374912484782272,0.2594275326046339
2025-05-03,Barrow,H,D,1334.9539962428519,1333.8939459578414,21.288364938844182,-0.22972751972762193,0.25441899016099306
2025-08-02,Tranmere,H,D,1335.4169892203347,1331.23522161634,21.193566729357133,-0.23101192986839872,0.25423288133357047
2025-08-09,Oldham,A,D,1331.5707791008115,1324.1580280722267,21.282852476473305,-0.23188736966467977,0.25245550505635606
2025-08-16,Shrewsbury,A,H,1338.674143388993,1339.1906364219951,21.381400181793907,-0.22683434410568773,0.24629924728757097
2025-08-19,Cambridge,H,A,1331.063871784588,1322.8272214301046,21.28973806999766,-0.22819094454923514,0.25115299711055894
2025-08-23,Barrow,H,A,1322.421938482691,1303.1073019278388,21.19613586295314,-0.2341081579037701,0.2562771871784278
2025-08-30,Barnet,A,D,1320.174526170684,1300.0975630010964,21.276119219490276,-0.23474288102532903,0.2549567296299795
2025-09-06,Crewe,H,D,1321.6008555623273,1300.3038865071774,21.200037936089807,-0.23606196135820928,0.2544592966577369
2025-09-13,Accrington,A,A,1309.6893262438919,1279.0767450605008,21.078110937698803,-0.24182265530852187,0.2526130509444087
2025-09-20,Bristol Rvs,H,D,1311.9265494454444,1282.0238613292415,20.997212435575683,-0.24315579706063348,0.2519296381106003
2025-09-27,Fleetwood Town,A,A,1301.9106117806482,1265.3245917189508,20.890740859421353,-0.23796708029409117,0.26472786263315096
2025-10-04,Chesterfield,H,H,1313.4673729565995,1285.9675429226102,21.007727650582723,-0.21447235870780346,0.26850713477337274
2025-10-11,Grimsby,A,H,1321.9572422675133,1303.8970710927706,21.105182148068263,-0.21026610118792907,0.26695876469318197
2025-10-18,Harrogate,H,H,1331.3137115352959,1318.049345628719,21.21420143464124,-0.20262153489454834,0.26669913256363775
2025-10-25,Swindon,A,D,1330.642359676964,1319.0773535594362,21.311374674245954,-0.20851527170235978,0.2581973803554092
2025-11-08,Bromley,H,A,1323.8278435703035,1304.639493052306,21.235694291863748,-0.2146383422339092,0.2618055217344469
2025-11-15,Walsall,A,H,1332.7556031611175,1321.9640513838626,21.34315166842534,-0.2097654199740851,0.2546007650492666
2025-11-22,Notts County,A,H,1341.122972017828,1338.6088243896058,21.442999612024032,-0.2005313941061565,0.251641538144144
2025-11-29,Cheltenham,H,H,1350.2118220237394,1350.7405946710523,21.55413316443554,-0.19748179059332585,0.2462565600382659
2025-12-06,Gillingham,H,D,1351.1011720388842,1349.70722102399,21.473552374691312,-0.20327845809404985,0.24134360405092337
2025-12-13,Salford,A,A,1340.6382700471902,1332.9476016686626,21.371914239838304,-0.1936255030508644,0.25395363635484297
2025-12-20,Newport County,H,H,1347.2919065956148,1340.859793368663,21.46247125530132,-0.18124349834960615,0.25378140009811095
